Name, Amount, Warmup, FPS
FlowEnt tweens, 256000, 184.46253, 127.224483960802
FlowEnt echoes, 256000, 179.03804, 147.988098811319
FlowEnt flows, 128000, 245.39876, 64.4835115026214
FlowEnt transform move, 8000, 16.58683, 179.337023838651
DOTween tweens, 256000, 111.13897, 55.4843926515473
DOTween sequence, 128000, 187.873, 39.6094747078458
DOTween transform move, 8000, 5.21058, 180.768898541382
