Name, Amount, Warmup, FPS
FlowEnt tweens, 256000, 131.67838, 163.050363455508
FlowEnt echoes, 256000, 129.33296, 191.439523132263
FlowEnt flows, 128000, 213.34138, 73.1483124687014
FlowEnt transform move, 8000, 12.03549, 196.473540616649
DOTween tweens, 256000, 101.69842, 56.6737362215706
DOTween sequence, 128000, 172.16887, 39.9284482358319
DOTween transform move, 8000, 5.22784, 183.812816038713
